{
    "nodes": [
        [
            129.1793585819958,
            116.08930255828862
        ],
        [
            128.67642524591977,
            202.85406302106557
        ],
        [
            117.17415359149355,
            221.1098225264981
        ],
        [
            205.70904779724918,
            116.93221721815068
        ],
        [
            99.58080042963317,
            115.2907518290315
        ],
        [
            70.8018373426151,
            114.49220109937792
        ],
        [
            26.841738387429384,
            198.82803592896806
        ],
        [
            2.7102518641171316,
            182.0806507570542
        ],
        [
            41.12877054802281,
            181.48173765282047
        ],
        [
            51.59723479127097,
            164.62344307136442
        ],
        [
            62.11226693449853,
            143.04039021806918
        ],
        [
            74.5458966180827,
            85.01237069125827
        ],
        [
            74.82530402731196,
            39.49498265103189
        ]
    ],
    "edges": [
        [
            0,
            1
        ],
        [
            1,
            2
        ],
        [
            3,
            0
        ],
        [
            0,
            4
        ],
        [
            4,
            5
        ],
        [
            6,
            7
        ],
        [
            6,
            8
        ],
        [
            8,
            9
        ],
        [
            9,
            10
        ],
        [
            10,
            5
        ],
        [
            5,
            11
        ],
        [
            11,
            12
        ]
    ]
}